Model,RMSE,MAPE
SimpleRNN,5376.405362365021,19.692221923598986
LSTM,7692.803220685105,31.045402616057572
GRU,11582.438217473986,47.73608321139318
Sequential LSTM,4149.896272748791,16.583051770114345
Timeseries LSTM,8603.788988720415,35.63308970151911
LSTM_Optimized,5090.08726214225,21.0613564772383
